INSERT INTO public.address (id_address, country, zip_code, city, street_name, house_number) VALUES (1, 'South Korea', '894870', 'Winley', 'Westminster Drive', '5');
INSERT INTO public.address (id_address, country, zip_code, city, street_name, house_number) VALUES (2, 'Kenya', '694460', 'Startown', 'High Street', '143');
INSERT INTO public.address (id_address, country, zip_code, city, street_name, house_number) VALUES (3, 'France', '969503', 'Bannborough Hills', 'Church Street', '361');
INSERT INTO public.address (id_address, country, zip_code, city, street_name, house_number) VALUES (4, 'Kyrgyzstan', '493699', 'West Beachburgh', 'River Road', '95');
INSERT INTO public.address (id_address, country, zip_code, city, street_name, house_number) VALUES (5, 'Albania', '504219', 'Rockcester City', 'Chestnut Avenue', '74');
INSERT INTO public.address (id_address, country, zip_code, city, street_name, house_number) VALUES (6, 'Morocco', '285198', 'Proford', 'Surrey Lane', '35');
INSERT INTO public.address (id_address, country, zip_code, city, street_name, house_number) VALUES (7, 'Kyrgyzstan', '465958', 'Winley', 'Roosevelt Avenue', '58');
INSERT INTO public.address (id_address, country, zip_code, city, street_name, house_number) VALUES (8, 'Albania', '442727', 'Ostrava', 'Heather Court', '101');
INSERT INTO public.address (id_address, country, zip_code, city, street_name, house_number) VALUES (9, 'Czech republic', '739497', 'Dodgefolk', 'River Road', '24');
INSERT INTO public.address (id_address, country, zip_code, city, street_name, house_number) VALUES (10, 'Spain', '15483', 'Capcaster', 'Route 32', '64');
INSERT INTO public.address (id_address, country, zip_code, city, street_name, house_number) VALUES (11, 'Albania', '386738', 'Norgrad', 'High Street', '23');
INSERT INTO public.address (id_address, country, zip_code, city, street_name, house_number) VALUES (12, 'Belgium', '330284', 'West Beachburgh', 'Jackson Street', '80');
INSERT INTO public.address (id_address, country, zip_code, city, street_name, house_number) VALUES (13, 'Kenya', '777892', 'Mannormouth', 'Aspen Court', '408');
INSERT INTO public.address (id_address, country, zip_code, city, street_name, house_number) VALUES (14, 'Belgium', '149165', 'Greenbury', 'Orchard Lane', '16');
INSERT INTO public.address (id_address, country, zip_code, city, street_name, house_number) VALUES (15, 'Czech republic', '149633', 'Hardside', 'Oxford Court', '52');
INSERT INTO public.address (id_address, country, zip_code, city, street_name, house_number) VALUES (16, 'Latvia', '934564', 'Norland', 'Beechwood Drive', '2');
INSERT INTO public.address (id_address, country, zip_code, city, street_name, house_number) VALUES (17, 'France', '689386', 'Cloudby', 'Surrey Lane', '87');
INSERT INTO public.address (id_address, country, zip_code, city, street_name, house_number) VALUES (18, 'Chad', '677503', 'Praha', 'Westminster Drive', '50');
INSERT INTO public.address (id_address, country, zip_code, city, street_name, house_number) VALUES (19, 'Albania', '364441', 'Kyoto', 'Cedar Avenue', '15');
INSERT INTO public.address (id_address, country, zip_code, city, street_name, house_number) VALUES (20, 'Japan', '146797', 'South Bellcester', 'York Road', '3');

INSERT INTO public.country (id_country, country_name, language, flag, description) VALUES (1, 'South Korea', 'Korean', 'Red and blue jing jang lookalike between 12 black stripes on white field', 'South Korea has many beaches and is very beautiful. ');
INSERT INTO public.country (id_country, country_name, language, flag, description) VALUES (2, 'Turkey', 'Turkish', 'White crescent with with star on red field', 'Turkey has many lakes and is very beautiful. ');
INSERT INTO public.country (id_country, country_name, language, flag, description) VALUES (3, 'Albania', 'Albanian', 'Black eagle on red field', 'Albania has many swamps and is very beautiful. ');
INSERT INTO public.country (id_country, country_name, language, flag, description) VALUES (4, 'Chad', 'Arabic', 'Blue, yellow and red vertical stripes', 'Chad has many fields and is very beautiful. ');
INSERT INTO public.country (id_country, country_name, language, flag, description) VALUES (5, 'Sweden', 'Swedish', 'Yellow cross on blue field', 'Sweden has many lakes and is very beautiful. ');
INSERT INTO public.country (id_country, country_name, language, flag, description) VALUES (6, 'Belgium', 'Dutsch', 'Black, yellow and red vertical stripes', 'Belgium has many beaches and is very beautiful. ');
INSERT INTO public.country (id_country, country_name, language, flag, description) VALUES (7, 'Latvia', 'Latvian', 'White horizontal stripe on red field', 'Latvia has many forests and is very beautiful. ');
INSERT INTO public.country (id_country, country_name, language, flag, description) VALUES (8, 'Morocco', 'Arabic', 'Green star on red field', 'Morocco has many lakes and is very beautiful. ');
INSERT INTO public.country (id_country, country_name, language, flag, description) VALUES (9, 'Spain', 'Spanish', 'Coat of arms on yellow stripe on red field', 'Spain has many rivers and is very beautiful. ');
INSERT INTO public.country (id_country, country_name, language, flag, description) VALUES (10, 'Kenya', 'Swahili', 'Red shield with spears on black,white,red,white,green horizontal stripes', 'Kenya has many rivers and is very beautiful. ');

INSERT INTO public.person (id_person, id_address, first_name, surname, date_of_birth) VALUES (1, 11, 'Ahmad', 'Atkins', '1994-12-9');
INSERT INTO public.person (id_person, id_address, first_name, surname, date_of_birth) VALUES (2, 2, 'Amelie', 'Rivas', '1897-6-28');
INSERT INTO public.person (id_person, id_address, first_name, surname, date_of_birth) VALUES (3, 17, 'Amelie', 'Price', '1944-4-11');
INSERT INTO public.person (id_person, id_address, first_name, surname, date_of_birth) VALUES (4, 5, 'Hayden', 'Sheppard', '1995-4-24');
INSERT INTO public.person (id_person, id_address, first_name, surname, date_of_birth) VALUES (5, 4, 'Teagan', 'Compton', '1955-8-20');
INSERT INTO public.person (id_person, id_address, first_name, surname, date_of_birth) VALUES (6, 5, 'Akira', 'Rivers', '2006-11-24');
INSERT INTO public.person (id_person, id_address, first_name, surname, date_of_birth) VALUES (7, 17, 'Mateo', 'Lawson', '1918-10-16');
INSERT INTO public.person (id_person, id_address, first_name, surname, date_of_birth) VALUES (8, 12, 'Hayden', 'Fields', '1992-11-21');
INSERT INTO public.person (id_person, id_address, first_name, surname, date_of_birth) VALUES (9, 6, 'Jay', 'Hebert', '1989-8-13');
INSERT INTO public.person (id_person, id_address, first_name, surname, date_of_birth) VALUES (10, 13, 'Nash', 'Galloway', '1910-3-6');
INSERT INTO public.person (id_person, id_address, first_name, surname, date_of_birth) VALUES (11, 2, 'Nash', 'Chan', '1880-6-10');
INSERT INTO public.person (id_person, id_address, first_name, surname, date_of_birth) VALUES (12, 17, 'Jewel', 'Fields', '1950-9-9');
INSERT INTO public.person (id_person, id_address, first_name, surname, date_of_birth) VALUES (13, 1, 'Ellie', 'Conner', '1896-6-8');
INSERT INTO public.person (id_person, id_address, first_name, surname, date_of_birth) VALUES (14, 16, 'Gavin', 'Sheppard', '1969-12-23');
INSERT INTO public.person (id_person, id_address, first_name, surname, date_of_birth) VALUES (15, 11, 'Hayden', 'Caldwell', '1975-10-28');
INSERT INTO public.person (id_person, id_address, first_name, surname, date_of_birth) VALUES (16, 18, 'Ariella', 'Sims', '1889-4-19');
INSERT INTO public.person (id_person, id_address, first_name, surname, date_of_birth) VALUES (17, 4, 'Raina', 'Mann', '2000-8-25');
INSERT INTO public.person (id_person, id_address, first_name, surname, date_of_birth) VALUES (18, 1, 'Serenity', 'Atkins', '1944-8-5');
INSERT INTO public.person (id_person, id_address, first_name, surname, date_of_birth) VALUES (19, 4, 'Tiana', 'Bradford', '1961-1-25');
INSERT INTO public.person (id_person, id_address, first_name, surname, date_of_birth) VALUES (20, 4, 'Jaydin', 'Hutchinson', '1931-11-7');
INSERT INTO public.person (id_person, id_address, first_name, surname, date_of_birth) VALUES (21, 12, 'Edgar', 'Burgess', '2012-12-7');
INSERT INTO public.person (id_person, id_address, first_name, surname, date_of_birth) VALUES (22, 9, 'Jewel', 'Vaughan', '1898-4-11');
INSERT INTO public.person (id_person, id_address, first_name, surname, date_of_birth) VALUES (23, 2, 'Desmond', 'Crawford', '1904-5-20');
INSERT INTO public.person (id_person, id_address, first_name, surname, date_of_birth) VALUES (24, 6, 'Serenity', 'Sims', '1904-7-27');
INSERT INTO public.person (id_person, id_address, first_name, surname, date_of_birth) VALUES (25, 3, 'Marina', 'Cabrera', '1907-5-8');
INSERT INTO public.person (id_person, id_address, first_name, surname, date_of_birth) VALUES (26, 10, 'Ernesto', 'Logan', '2010-11-2');
INSERT INTO public.person (id_person, id_address, first_name, surname, date_of_birth) VALUES (27, 14, 'Amelie', 'Zavala', '1917-11-3');
INSERT INTO public.person (id_person, id_address, first_name, surname, date_of_birth) VALUES (28, 2, 'Skylar', 'Mason', '1880-8-5');
INSERT INTO public.person (id_person, id_address, first_name, surname, date_of_birth) VALUES (29, 3, 'Ariella', 'Mahoney', '1890-1-13');
INSERT INTO public.person (id_person, id_address, first_name, surname, date_of_birth) VALUES (30, 5, 'Dante', 'Compton', '1913-4-21');
INSERT INTO public.person (id_person, id_address, first_name, surname, date_of_birth) VALUES (31, 13, 'Markus', 'Molina', '1935-6-13');
INSERT INTO public.person (id_person, id_address, first_name, surname, date_of_birth) VALUES (32, 2, 'Clark', 'Carrillo', '2012-5-26');
INSERT INTO public.person (id_person, id_address, first_name, surname, date_of_birth) VALUES (33, 5, 'Ahmad', 'Santos', '2009-6-18');
INSERT INTO public.person (id_person, id_address, first_name, surname, date_of_birth) VALUES (34, 5, 'Toby', 'Mahoney', '1893-8-6');
INSERT INTO public.person (id_person, id_address, first_name, surname, date_of_birth) VALUES (35, 6, 'Gavin', 'Macias', '1901-2-15');
INSERT INTO public.person (id_person, id_address, first_name, surname, date_of_birth) VALUES (36, 3, 'Jane', 'Chan', '1884-2-18');
INSERT INTO public.person (id_person, id_address, first_name, surname, date_of_birth) VALUES (37, 17, 'Gavin', 'Oneal', '1885-12-26');
INSERT INTO public.person (id_person, id_address, first_name, surname, date_of_birth) VALUES (38, 14, 'Maya', 'Mason', '1933-1-7');
INSERT INTO public.person (id_person, id_address, first_name, surname, date_of_birth) VALUES (39, 5, 'Cynthia', 'Burgess', '1951-4-14');
INSERT INTO public.person (id_person, id_address, first_name, surname, date_of_birth) VALUES (40, 10, 'Camille', 'Rivas', '1887-2-1');
INSERT INTO public.person (id_person, id_address, first_name, surname, date_of_birth) VALUES (41, 11, 'Elsa', 'Welch', '1946-7-9');
INSERT INTO public.person (id_person, id_address, first_name, surname, date_of_birth) VALUES (42, 9, 'Mateo', 'Wilkins', '1968-7-7');
INSERT INTO public.person (id_person, id_address, first_name, surname, date_of_birth) VALUES (43, 8, 'Salvatore', 'Mathis', '1975-12-11');
INSERT INTO public.person (id_person, id_address, first_name, surname, date_of_birth) VALUES (44, 1, 'Raina', 'Brady', '1986-6-16');
INSERT INTO public.person (id_person, id_address, first_name, surname, date_of_birth) VALUES (45, 20, 'Ahmad', 'Mann', '1958-9-16');
INSERT INTO public.person (id_person, id_address, first_name, surname, date_of_birth) VALUES (46, 19, 'Matilda', 'Conner', '1902-6-7');
INSERT INTO public.person (id_person, id_address, first_name, surname, date_of_birth) VALUES (47, 15, 'Sophie', 'Chan', '1980-11-13');
INSERT INTO public.person (id_person, id_address, first_name, surname, date_of_birth) VALUES (48, 6, 'Myles', 'Weiss', '1985-9-4');
INSERT INTO public.person (id_person, id_address, first_name, surname, date_of_birth) VALUES (49, 4, 'Camille', 'Rivers', '2009-5-27');
INSERT INTO public.person (id_person, id_address, first_name, surname, date_of_birth) VALUES (50, 6, 'Alden', 'Compton', '1881-1-14');
INSERT INTO public.person (id_person, id_address, first_name, surname, date_of_birth) VALUES (51, 17, 'Nickolas', 'Sims', '1908-2-15');
INSERT INTO public.person (id_person, id_address, first_name, surname, date_of_birth) VALUES (52, 4, 'Harper', 'Weber', '1937-1-13');
INSERT INTO public.person (id_person, id_address, first_name, surname, date_of_birth) VALUES (53, 9, 'Ariella', 'Price', '1947-6-14');
INSERT INTO public.person (id_person, id_address, first_name, surname, date_of_birth) VALUES (54, 9, 'Marina', 'Mann', '1893-2-2');
INSERT INTO public.person (id_person, id_address, first_name, surname, date_of_birth) VALUES (55, 17, 'Nasir', 'Molina', '1916-1-17');
INSERT INTO public.person (id_person, id_address, first_name, surname, date_of_birth) VALUES (56, 2, 'Jaydin', 'Glover', '1992-7-22');
INSERT INTO public.person (id_person, id_address, first_name, surname, date_of_birth) VALUES (57, 9, 'Serenity', 'Galloway', '1971-10-13');
INSERT INTO public.person (id_person, id_address, first_name, surname, date_of_birth) VALUES (58, 15, 'Elsa', 'Rivers', '2003-5-25');
INSERT INTO public.person (id_person, id_address, first_name, surname, date_of_birth) VALUES (59, 16, 'Nash', 'Santos', '1909-2-27');
INSERT INTO public.person (id_person, id_address, first_name, surname, date_of_birth) VALUES (60, 13, 'Aarav', 'Liu', '1942-7-14');
INSERT INTO public.person (id_person, id_address, first_name, surname, date_of_birth) VALUES (61, 4, 'Cristopher', 'Wilkins', '1906-6-25');
INSERT INTO public.person (id_person, id_address, first_name, surname, date_of_birth) VALUES (62, 15, 'Cynthia', 'Jacobs', '2014-2-28');
INSERT INTO public.person (id_person, id_address, first_name, surname, date_of_birth) VALUES (63, 16, 'Harper', 'Hutchinson', '1978-12-14');
INSERT INTO public.person (id_person, id_address, first_name, surname, date_of_birth) VALUES (64, 7, 'Camille', 'Vaughan', '1910-2-16');
INSERT INTO public.person (id_person, id_address, first_name, surname, date_of_birth) VALUES (65, 8, 'Hayden', 'Cabrera', '1885-5-11');
INSERT INTO public.person (id_person, id_address, first_name, surname, date_of_birth) VALUES (66, 13, 'Skylar', 'Hebert', '1895-9-26');
INSERT INTO public.person (id_person, id_address, first_name, surname, date_of_birth) VALUES (67, 7, 'Serenity', 'Shah', '1942-11-25');
INSERT INTO public.person (id_person, id_address, first_name, surname, date_of_birth) VALUES (68, 5, 'Ernesto', 'Crawford', '1928-10-6');
INSERT INTO public.person (id_person, id_address, first_name, surname, date_of_birth) VALUES (69, 18, 'Nasir', 'Wilkins', '1931-6-18');
INSERT INTO public.person (id_person, id_address, first_name, surname, date_of_birth) VALUES (70, 20, 'Jay', 'Lawrence', '1912-9-17');
INSERT INTO public.person (id_person, id_address, first_name, surname, date_of_birth) VALUES (71, 3, 'Serenity', 'Mahoney', '1951-4-15');
INSERT INTO public.person (id_person, id_address, first_name, surname, date_of_birth) VALUES (72, 2, 'Ariella', 'Burgess', '1885-4-4');
INSERT INTO public.person (id_person, id_address, first_name, surname, date_of_birth) VALUES (73, 5, 'Ellie', 'Henson', '2011-4-16');
INSERT INTO public.person (id_person, id_address, first_name, surname, date_of_birth) VALUES (74, 2, 'Aarav', 'Logan', '1951-3-25');
INSERT INTO public.person (id_person, id_address, first_name, surname, date_of_birth) VALUES (75, 7, 'Raina', 'Bruce', '1883-4-27');
INSERT INTO public.person (id_person, id_address, first_name, surname, date_of_birth) VALUES (76, 2, 'Jewel', 'Cowan', '1894-8-12');
INSERT INTO public.person (id_person, id_address, first_name, surname, date_of_birth) VALUES (77, 14, 'Camille', 'Price', '1950-6-3');
INSERT INTO public.person (id_person, id_address, first_name, surname, date_of_birth) VALUES (78, 3, 'Heidy', 'Jacobs', '1983-9-1');
INSERT INTO public.person (id_person, id_address, first_name, surname, date_of_birth) VALUES (79, 2, 'Zaniyah', 'Mathis', '1999-8-19');
INSERT INTO public.person (id_person, id_address, first_name, surname, date_of_birth) VALUES (80, 6, 'Gavin', 'Cabrera', '1969-12-8');
INSERT INTO public.person (id_person, id_address, first_name, surname, date_of_birth) VALUES (81, 7, 'Tyrone', 'Mccoy', '1962-11-26');
INSERT INTO public.person (id_person, id_address, first_name, surname, date_of_birth) VALUES (82, 11, 'Tyrone', 'Rivers', '2010-1-5');
INSERT INTO public.person (id_person, id_address, first_name, surname, date_of_birth) VALUES (83, 6, 'Quinten', 'Vaughan', '1989-3-10');
INSERT INTO public.person (id_person, id_address, first_name, surname, date_of_birth) VALUES (84, 13, 'Teagan', 'Cowan', '1980-7-28');
INSERT INTO public.person (id_person, id_address, first_name, surname, date_of_birth) VALUES (85, 6, 'Mia', 'Crawford', '1917-3-23');
INSERT INTO public.person (id_person, id_address, first_name, surname, date_of_birth) VALUES (86, 9, 'Tiana', 'Oneal', '1926-1-10');
INSERT INTO public.person (id_person, id_address, first_name, surname, date_of_birth) VALUES (87, 9, 'Heidy', 'Rivas', '1881-1-15');
INSERT INTO public.person (id_person, id_address, first_name, surname, date_of_birth) VALUES (88, 11, 'Mateo', 'Galloway', '1907-3-4');
INSERT INTO public.person (id_person, id_address, first_name, surname, date_of_birth) VALUES (89, 9, 'Camille', 'Caldwell', '1996-10-23');
INSERT INTO public.person (id_person, id_address, first_name, surname, date_of_birth) VALUES (90, 1, 'Jane', 'Sims', '1977-5-3');
INSERT INTO public.person (id_person, id_address, first_name, surname, date_of_birth) VALUES (91, 20, 'Tyrone', 'Oneal', '1975-1-20');
INSERT INTO public.person (id_person, id_address, first_name, surname, date_of_birth) VALUES (92, 14, 'Edgar', 'Carrillo', '1916-8-14');
INSERT INTO public.person (id_person, id_address, first_name, surname, date_of_birth) VALUES (93, 9, 'Jane', 'Galloway', '1992-5-12');
INSERT INTO public.person (id_person, id_address, first_name, surname, date_of_birth) VALUES (94, 10, 'Myles', 'Lawson', '1886-7-21');
INSERT INTO public.person (id_person, id_address, first_name, surname, date_of_birth) VALUES (95, 18, 'Desmond', 'Rivers', '1949-4-16');
INSERT INTO public.person (id_person, id_address, first_name, surname, date_of_birth) VALUES (96, 13, 'Heidy', 'Burgess', '1921-9-22');
INSERT INTO public.person (id_person, id_address, first_name, surname, date_of_birth) VALUES (97, 8, 'Isabell', 'Lawson', '1936-8-21');
INSERT INTO public.person (id_person, id_address, first_name, surname, date_of_birth) VALUES (98, 12, 'Maya', 'Mccoy', '1940-9-23');
INSERT INTO public.person (id_person, id_address, first_name, surname, date_of_birth) VALUES (99, 11, 'Jane', 'Galloway', '1939-8-9');
INSERT INTO public.person (id_person, id_address, first_name, surname, date_of_birth) VALUES (100, 5, 'Jane', 'Crawford', '1887-3-19');

INSERT INTO public."user" (id_user, first_name, surname, nick, email, password, user_created, id_address) VALUES (1, 'Mia', 'Carrillo', '/aby Carrot', 'Elsamason@gmail.com', 'f53497b02c0c16e836e6d139071afe04e967247a9dd296a6a329cfdd66c867b9', CURRENT_TIMESTAMP - INTERVAL '1 HOURS', 2);
INSERT INTO public."user" (id_user, first_name, surname, nick, email, password, user_created, id_address) VALUES (2, 'Tiana', 'Molina', 'Short +horts', 'mylesShah@gmail.com', 'cb7818e62f5b70743ca55db990b8c97d19595871a9d251c856a9d11772c75d01', CURRENT_TIMESTAMP - INTERVAL '2 HOURS', 15);
INSERT INTO public."user" (id_user, first_name, surname, nick, email, password, user_created, id_address) VALUES (3, 'Heidy', 'Wall', 'Fre_kles', 'Mayacollins@god.heaven', '53d1c7e820a9574f4ab6367a2526656c2751bbb35c16c2ed447ffaabffacb298', CURRENT_TIMESTAMP - INTERVAL '3 HOURS', 16);
INSERT INTO public."user" (id_user, first_name, surname, nick, email, password, user_created, id_address) VALUES (4, 'Salvatore', 'Mann', 'Tater T/t', 'Jayball@yahoo.com', '141fde3671ac31df2e245abe9f54ccf05b1677c78e4748eced37e7201b15fbb4', CURRENT_TIMESTAMP - INTERVAL '4 HOURS', 5);
INSERT INTO public."user" (id_user, first_name, surname, nick, email, password, user_created, id_address) VALUES (5, 'Nash', 'Rivers', 'Bru)us', 'Nasirfields@yahoo.com', '49c614f0d5b1e8838b3bdd18fcbb6faf3eb8c9b36d7a720d94eaa8b1ab8af7f7', CURRENT_TIMESTAMP - INTERVAL '5 HOURS', 15);
INSERT INTO public."user" (id_user, first_name, surname, nick, email, password, user_created, id_address) VALUES (6, 'Toby', 'Brady', '?pple', 'elsaMahoney@bigus.com', '15af05308fa2e80d26398fd47733fa5881db84fb62187d1117cc8436ce0a36d1', CURRENT_TIMESTAMP - INTERVAL '6 HOURS', 16);
INSERT INTO public."user" (id_user, first_name, surname, nick, email, password, user_created, id_address) VALUES (7, 'Camille', 'Wall', 'Fre*k', 'MylesLawson@god.heaven', 'c2fe1d4a7c69dbfe413f18dda459a3fb8de767fde657d7de765f1dabb3c9cc90', CURRENT_TIMESTAMP - INTERVAL '7 HOURS',  NULL);
INSERT INTO public."user" (id_user, first_name, surname, nick, email, password, user_created, id_address) VALUES (8, 'Mia', 'Shah', 'Monk(y', 'markusHebert@gmail.com', 'ca2ddec0758795cbad4d02edd0549bfe1bf02e480ce48a65fae2272c48ce5ea6', CURRENT_TIMESTAMP - INTERVAL '8 HOURS', 13);
INSERT INTO public."user" (id_user, first_name, surname, nick, email, password, user_created, id_address) VALUES (9, 'Alden', 'Wilkins', 'Rubb-r', 'tobyball@yahoo.com', '453d310aa420e09826e1a358e56cd75a28fce37364c6126187fdb6a9d6b85d74', CURRENT_TIMESTAMP - INTERVAL '9 HOURS', 12);
INSERT INTO public."user" (id_user, first_name, surname, nick, email, password, user_created, id_address) VALUES (10, 'Ariella', 'Wall', 'Grum_y', 'cynthiacarrillo@bigus.com', 'ca8ce30fef10ab5f53fd63317f5ee28dc64e177c5757a21366e8cae5df94fa5d', CURRENT_TIMESTAMP - INTERVAL '10 HOURS', 1);
INSERT INTO public."user" (id_user, first_name, surname, nick, email, password, user_created, id_address) VALUES (11, 'Matilda', 'Bruce', 'T(co', 'Mylescarrillo@stawicz.pl', '220f10bb314fa3c08ec252daa2a9cad25631884a7245c6cfc274646282686bae', CURRENT_TIMESTAMP - INTERVAL '11 HOURS',  NULL);
INSERT INTO public."user" (id_user, first_name, surname, nick, email, password, user_created, id_address) VALUES (12, 'Serenity', 'Crawford', 'Ps.cho', 'markusball@gmail.com', '479fee29301881a10598b6d6c9452c9307637e321048710889f3a05d00f9d65f', CURRENT_TIMESTAMP - INTERVAL '12 HOURS',  NULL);
INSERT INTO public."user" (id_user, first_name, surname, nick, email, password, user_created, id_address) VALUES (13, 'Nash', 'Bruce', 'Be_lo', 'janezavala@yahoo.com', '2ade2f2db49841e50255017d43bba1e4e2cfdf18aecfa3ded9a9a9fc4b3413e9', CURRENT_TIMESTAMP - INTERVAL '13 HOURS', 18);
INSERT INTO public."user" (id_user, first_name, surname, nick, email, password, user_created, id_address) VALUES (14, 'Serenity', 'Mahoney', 'Ms. Congenial+ty', 'amelieMason@god.heaven', 'ccaa6e97ba2d8d18faeb42e4ac8328ce64d473fadef7aa352f3aea981c221630', CURRENT_TIMESTAMP - INTERVAL '14 HOURS', 18);
INSERT INTO public."user" (id_user, first_name, surname, nick, email, password, user_created, id_address) VALUES (15, 'Jaydin', 'Rivers', 'W-iner', 'dantebrady@yahoo.com', 'f592e2db91fc837ee64783dbda1c7aee3f552c7d739fe80dfd92461282753505', CURRENT_TIMESTAMP - INTERVAL '15 HOURS', 14);
INSERT INTO public."user" (id_user, first_name, surname, nick, email, password, user_created, id_address) VALUES (16, 'Jane', 'Price', 'P/ycho', 'IsabellWeiss@gmail.com', '36834d2a0e5d98f3ae3614abbcf4dadaf415692b61efc13242995ad78e8445d2', CURRENT_TIMESTAMP - INTERVAL '16 HOURS', 8);
INSERT INTO public."user" (id_user, first_name, surname, nick, email, password, user_created, id_address) VALUES (17, 'Skylar', 'Mathis', 'Cree_ence', 'isabellshah@gmail.com', 'ff31baf6d639aaaf47b64bf7f0493df2648ff42356c09618a5e9a76e0dcecca7', CURRENT_TIMESTAMP - INTERVAL '17 HOURS', 7);
INSERT INTO public."user" (id_user, first_name, surname, nick, email, password, user_created, id_address) VALUES (18, 'Raina', 'Cabrera', 'C-Da.g', 'tyroneMason@stawicz.pl', 'c6793130e99d5cfa7d270a88d1b5db319508f95b705d01c5c9d70b261e3e2552', CURRENT_TIMESTAMP - INTERVAL '18 HOURS', 15);
INSERT INTO public."user" (id_user, first_name, surname, nick, email, password, user_created, id_address) VALUES (19, 'Jaydin', 'Rivers', 'Ba+bino', 'Jaycabrera@gmail.com', 'affa38692ddec847c7aa6821fd55a823be405678a4893147bcd76a9e790f1011', CURRENT_TIMESTAMP - INTERVAL '19 HOURS', 12);
INSERT INTO public."user" (id_user, first_name, surname, nick, email, password, user_created, id_address) VALUES (20, 'Jaydin', 'Bruce', 'S-irk', 'Danteatkins@google.com', 'bc5fe176e9870b50d0ed70b8ae70b138ef00dfdf974becca75b7252fb02118bc', CURRENT_TIMESTAMP - INTERVAL '20 HOURS', 13);

INSERT INTO public.favourites (id_user, id_person) VALUES (4, 35);
INSERT INTO public.favourites (id_user, id_person) VALUES (8, 38);
INSERT INTO public.favourites (id_user, id_person) VALUES (11, 54);
INSERT INTO public.favourites (id_user, id_person) VALUES (3, 21);
INSERT INTO public.favourites (id_user, id_person) VALUES (13, 81);
INSERT INTO public.favourites (id_user, id_person) VALUES (3, 27);
INSERT INTO public.favourites (id_user, id_person) VALUES (8, 83);
INSERT INTO public.favourites (id_user, id_person) VALUES (1, 6);
INSERT INTO public.favourites (id_user, id_person) VALUES (20, 76);
INSERT INTO public.favourites (id_user, id_person) VALUES (16, 10);
INSERT INTO public.favourites (id_user, id_person) VALUES (18, 10);
INSERT INTO public.favourites (id_user, id_person) VALUES (3, 53);
INSERT INTO public.favourites (id_user, id_person) VALUES (13, 39);
INSERT INTO public.favourites (id_user, id_person) VALUES (5, 86);
INSERT INTO public.favourites (id_user, id_person) VALUES (13, 32);
INSERT INTO public.favourites (id_user, id_person) VALUES (6, 45);
INSERT INTO public.favourites (id_user, id_person) VALUES (18, 96);
INSERT INTO public.favourites (id_user, id_person) VALUES (6, 90);
INSERT INTO public.favourites (id_user, id_person) VALUES (5, 67);
INSERT INTO public.favourites (id_user, id_person) VALUES (17, 26);

INSERT INTO public.genre_name (id_genre_name, genre_name, description) VALUES (1, 'Action', 'Action film is a film genre in which the protagonist or protagonists are thrust into a series of events that typically include violence, extended fighting, physical feats, rescues and frantic chases');
INSERT INTO public.genre_name (id_genre_name, genre_name, description) VALUES (2, 'Adventure', 'An adventure film is form of adventure fiction, and is a genre of film. Subgenres of adventure films include swashbuckler films, pirate films, and survival films.');
INSERT INTO public.genre_name (id_genre_name, genre_name, description) VALUES (3, 'Comedy', 'A comedy film is a category of film in which the main emphasis is on humor. These films are designed to make the audience laugh through amusement and most often work by exaggerating characteristics for humorous effect.');
INSERT INTO public.genre_name (id_genre_name, genre_name, description) VALUES (4, 'Drama', 'In film and television, drama is a category of narrative fiction (or semi-fiction) intended to be more serious than humorous in tone. Drama of this kind is usually qualified with additional terms that specify its particular super-genre.');
INSERT INTO public.genre_name (id_genre_name, genre_name, description) VALUES (5, 'Fantasy', 'Fantasy films are films that belong to the fantasy genre with fantastic themes, usually magic, supernatural events, mythology, folklore, or exotic fantasy worlds.');
INSERT INTO public.genre_name (id_genre_name, genre_name, description) VALUES (6, 'Horror', 'A horror film is one that seeks to elicit fear or disgust in its audience for entertainment purposes. Horror films additionally aim to evoke viewers nightmares, revulsions and terror of the unknown or the macabre.');
INSERT INTO public.genre_name (id_genre_name, genre_name, description) VALUES (7, 'Science fiction', 'Science fiction (or sci-fi) is a film genre that uses speculative, fictional science-based depictions of phenomena that are not fully accepted by mainstream science, such as extraterrestrial lifeforms, robots, interstellar travel or other technologies.');

INSERT INTO public.type (id_type, type_name, description) VALUES (1, 'Movie', 'A film, also called a movie is a work of visual art used to simulate experiences that communicate ideas, stories, perceptions, feelings or atmosphere through the use of moving images. These images are generally accompanied by sound.');
INSERT INTO public.type (id_type, type_name, description) VALUES (2, 'TV show', 'A television show – or simply TV show – is any content produced for viewing on a television set which can be broadcast via over-the-air, satellite, or cable, excluding breaking news, advertisements, or trailers that are typically placed between shows.');
INSERT INTO public.type (id_type, type_name, description) VALUES (3, 'Theatre', 'Theatre or theater is a collaborative form of performing art that uses live performers, usually actors or actresses, to present the experience of a real or imagined event before a live audience in a specific place, often a stage. ');
INSERT INTO public.type (id_type, type_name, description) VALUES (4, 'Media clip', 'A media clip is a short segment of electronic media, either an audio clip or a video clip.');
INSERT INTO public.type (id_type, type_name, description) VALUES (5, 'Ad', 'Advertising is a marketing communication that employs an openly sponsored, non-personal message to promote or sell a product, service or idea.');

INSERT INTO public.titles (id_title, id_type, id_country, name, year, lenght, description) VALUES (1, 4, 1, 'Cullers And Strangers', '1903-5-9', 328, 'Cullers And Strangers has great character development and setting, so if you like these features you will like it.');
INSERT INTO public.titles (id_title, id_type, id_country, name, year, lenght, description) VALUES (2, 3, 3, 'Companions Of The Void', '1949-12-23', 362, 'Companions Of The Void has great setting and setting, so if you like these features you will like it.');
INSERT INTO public.titles (id_title, id_type, id_country, name, year, lenght, description) VALUES (3, 5, 2, 'Cruelty Of The Eclipse', '1958-4-9', 368, 'Cruelty Of The Eclipse has great main characters and plot, so if you like these features you will like it.');
INSERT INTO public.titles (id_title, id_type, id_country, name, year, lenght, description) VALUES (4, 1, 5, 'Changing My Sweetheart', '1995-11-11', 31, 'Changing My Sweetheart has great script and setting, so if you like these features you will like it.');
INSERT INTO public.titles (id_title, id_type, id_country, name, year, lenght, description) VALUES (5, 2, 6, 'Clones Of The Stars', '2017-11-11', 96, 'Clones Of The Stars has great main characters and script, so if you like these features you will like it.');
INSERT INTO public.titles (id_title, id_type, id_country, name, year, lenght, description) VALUES (6, 3, 8, 'Source With A Goal', '1884-12-20', 431, 'Source With A Goal has great plot and main characters, so if you like these features you will like it.');
INSERT INTO public.titles (id_title, id_type, id_country, name, year, lenght, description) VALUES (7, 4, 10, 'Student Without A Mouth', '1993-8-22', 445, 'Student Without A Mouth has great camera and theme, so if you like these features you will like it.');
INSERT INTO public.titles (id_title, id_type, id_country, name, year, lenght, description) VALUES (8, 1, 2, 'Lurking In My Dreams', '1908-7-25', 450, 'Lurking In My Dreams has great theme and side characters, so if you like these features you will like it.');
INSERT INTO public.titles (id_title, id_type, id_country, name, year, lenght, description) VALUES (9, 4, 7, 'Directors And Emperors', '1937-3-4', 15, 'Directors And Emperors has great script and moral of the story, so if you like these features you will like it.');
INSERT INTO public.titles (id_title, id_type, id_country, name, year, lenght, description) VALUES (10, 4, 2, 'Pocket Of Miracles', '1971-1-25', 18, 'Pocket Of Miracles has great main characters and plot, so if you like these features you will like it.');
INSERT INTO public.titles (id_title, id_type, id_country, name, year, lenght, description) VALUES (11, 5, 10, 'Bored By Orbit', '1979-7-14', 75, 'Bored By Orbit has great theme and side characters, so if you like these features you will like it.');
INSERT INTO public.titles (id_title, id_type, id_country, name, year, lenght, description) VALUES (12, 1, 8, 'Searching For Dreams', '2021-12-17', 36, 'Searching For Dreams has great moral of the story and script, so if you like these features you will like it.');
INSERT INTO public.titles (id_title, id_type, id_country, name, year, lenght, description) VALUES (13, 5, 4, 'Heroes Of The Sun', '1958-5-19', 432, 'Heroes Of The Sun has great actors and side characters, so if you like these features you will like it.');
INSERT INTO public.titles (id_title, id_type, id_country, name, year, lenght, description) VALUES (14, 2, 4, 'Oblivious In Nature', '2005-10-21', 25, 'Oblivious In Nature has great character development and side characters, so if you like these features you will like it.');
INSERT INTO public.titles (id_title, id_type, id_country, name, year, lenght, description) VALUES (15, 3, 3, 'Hope Of Nowhere', '1954-1-16', 295, 'Hope Of Nowhere has great script and moral of the story, so if you like these features you will like it.');
INSERT INTO public.titles (id_title, id_type, id_country, name, year, lenght, description) VALUES (16, 5, 7, 'Hope Of Nowhere', '1953-2-2', 341, 'Hope Of Nowhere has great camera and main characters, so if you like these features you will like it.');
INSERT INTO public.titles (id_title, id_type, id_country, name, year, lenght, description) VALUES (17, 1, 10, 'Afraid Of My Journey', '2010-5-28', 432, 'Afraid Of My Journey has great actors and character development, so if you like these features you will like it.');
INSERT INTO public.titles (id_title, id_type, id_country, name, year, lenght, description) VALUES (18, 4, 10, 'Adopting The Darkness', '1888-7-28', 389, 'Adopting The Darkness has great main characters and actors, so if you like these features you will like it.');
INSERT INTO public.titles (id_title, id_type, id_country, name, year, lenght, description) VALUES (19, 3, 2, 'Veteran Of New Earth', '2001-4-1', 107, 'Veteran Of New Earth has great moral of the story and moral of the story, so if you like these features you will like it.');
INSERT INTO public.titles (id_title, id_type, id_country, name, year, lenght, description) VALUES (20, 1, 2, 'Searching For Dreams', '1933-5-11', 360, 'Searching For Dreams has great plot and moral of the story, so if you like these features you will like it.');
INSERT INTO public.titles (id_title, id_type, id_country, name, year, lenght, description) VALUES (21, 2, 6, 'Source With A Goal', '2011-12-24', 309, 'Source With A Goal has great character development and main characters, so if you like these features you will like it.');
INSERT INTO public.titles (id_title, id_type, id_country, name, year, lenght, description) VALUES (22, 5, 9, 'Angel Of Aliens', '2000-6-3', 34, 'Angel Of Aliens has great actors and side characters, so if you like these features you will like it.');
INSERT INTO public.titles (id_title, id_type, id_country, name, year, lenght, description) VALUES (23, 5, 9, 'Signs', '2010-12-11', 165, 'Signs has great script and camera, so if you like these features you will like it.');
INSERT INTO public.titles (id_title, id_type, id_country, name, year, lenght, description) VALUES (24, 5, 2, 'Volunteers Of The Stars', '1956-12-19', 288, 'Volunteers Of The Stars has great moral of the story and character development, so if you like these features you will like it.');
INSERT INTO public.titles (id_title, id_type, id_country, name, year, lenght, description) VALUES (25, 5, 4, 'Enemy Of Life', '1891-4-11', 274, 'Enemy Of Life has great camera and moral of the story, so if you like these features you will like it.');
INSERT INTO public.titles (id_title, id_type, id_country, name, year, lenght, description) VALUES (26, 1, 9, 'Changed By The End Of Earth', '1935-9-23', 345, 'Changed By The End Of Earth has great camera and setting, so if you like these features you will like it.');
INSERT INTO public.titles (id_title, id_type, id_country, name, year, lenght, description) VALUES (27, 3, 9, 'Medic With Wings', '1920-8-12', 84, 'Medic With Wings has great side characters and plot, so if you like these features you will like it.');
INSERT INTO public.titles (id_title, id_type, id_country, name, year, lenght, description) VALUES (28, 3, 10, 'Thieves And Guardians', '1945-4-16', 416, 'Thieves And Guardians has great camera and character development, so if you like these features you will like it.');
INSERT INTO public.titles (id_title, id_type, id_country, name, year, lenght, description) VALUES (29, 2, 6, 'Enemies Of The Ocean', '2017-7-6', 40, 'Enemies Of The Ocean has great main characters and side characters, so if you like these features you will like it.');
INSERT INTO public.titles (id_title, id_type, id_country, name, year, lenght, description) VALUES (30, 4, 6, 'Changed By The End Of Earth', '1921-3-25', 47, 'Changed By The End Of Earth has great character development and actors, so if you like these features you will like it.');
INSERT INTO public.titles (id_title, id_type, id_country, name, year, lenght, description) VALUES (31, 5, 1, 'And Recruits', '1967-5-23', 75, 'And Recruits has great setting and main characters, so if you like these features you will like it.');
INSERT INTO public.titles (id_title, id_type, id_country, name, year, lenght, description) VALUES (32, 2, 10, 'Kids Of Dreams', '1983-1-16', 30, 'Kids Of Dreams has great theme and plot, so if you like these features you will like it.');
INSERT INTO public.titles (id_title, id_type, id_country, name, year, lenght, description) VALUES (33, 4, 9, 'Emissary Of Gold', '2021-11-4', 183, 'Emissary Of Gold has great actors and setting, so if you like these features you will like it.');
INSERT INTO public.titles (id_title, id_type, id_country, name, year, lenght, description) VALUES (34, 4, 6, 'Droid With Tentacles', '1921-6-9', 45, 'Droid With Tentacles has great actors and plot, so if you like these features you will like it.');
INSERT INTO public.titles (id_title, id_type, id_country, name, year, lenght, description) VALUES (35, 4, 2, 'Student Without A Mouth', '1957-4-23', 40, 'Student Without A Mouth has great script and moral of the story, so if you like these features you will like it.');
INSERT INTO public.titles (id_title, id_type, id_country, name, year, lenght, description) VALUES (36, 4, 3, 'Martian In The Past', '1999-3-20', 323, 'Martian In The Past has great setting and script, so if you like these features you will like it.');
INSERT INTO public.titles (id_title, id_type, id_country, name, year, lenght, description) VALUES (37, 1, 4, 'Boring At Fantasy', '1949-9-16', 190, 'Boring At Fantasy has great soundtrack and side characters, so if you like these features you will like it.');
INSERT INTO public.titles (id_title, id_type, id_country, name, year, lenght, description) VALUES (38, 1, 2, 'Gift Of My Town', '1896-8-17', 105, 'Gift Of My Town has great plot and character development, so if you like these features you will like it.');
INSERT INTO public.titles (id_title, id_type, id_country, name, year, lenght, description) VALUES (39, 3, 6, 'Adopting The Darkness', '1950-9-20', 259, 'Adopting The Darkness has great actors and main characters, so if you like these features you will like it.');
INSERT INTO public.titles (id_title, id_type, id_country, name, year, lenght, description) VALUES (40, 3, 1, 'Searching For The Stars', '1958-8-20', 173, 'Searching For The Stars has great character development and theme, so if you like these features you will like it.');
INSERT INTO public.titles (id_title, id_type, id_country, name, year, lenght, description) VALUES (41, 5, 10, 'Vampire Of The Mountain', '1972-4-14', 171, 'Vampire Of The Mountain has great plot and main characters, so if you like these features you will like it.');
INSERT INTO public.titles (id_title, id_type, id_country, name, year, lenght, description) VALUES (42, 4, 4, 'Martian In The Past', '1947-5-19', 326, 'Martian In The Past has great theme and main characters, so if you like these features you will like it.');
INSERT INTO public.titles (id_title, id_type, id_country, name, year, lenght, description) VALUES (43, 3, 4, 'Boring At Fantasy', '1975-12-4', 240, 'Boring At Fantasy has great setting and setting, so if you like these features you will like it.');
INSERT INTO public.titles (id_title, id_type, id_country, name, year, lenght, description) VALUES (44, 3, 1, 'Owl In The Mountains', '1983-6-12', 439, 'Owl In The Mountains has great actors and character development, so if you like these features you will like it.');
INSERT INTO public.titles (id_title, id_type, id_country, name, year, lenght, description) VALUES (45, 1, 4, 'Clones Of The Stars', '1884-1-5', 410, 'Clones Of The Stars has great script and moral of the story, so if you like these features you will like it.');
INSERT INTO public.titles (id_title, id_type, id_country, name, year, lenght, description) VALUES (46, 1, 6, 'Guest Of Life', '1886-2-3', 388, 'Guest Of Life has great actors and theme, so if you like these features you will like it.');
INSERT INTO public.titles (id_title, id_type, id_country, name, year, lenght, description) VALUES (47, 4, 1, 'Androids And Robots', '1898-4-14', 17, 'Androids And Robots has great moral of the story and theme, so if you like these features you will like it.');
INSERT INTO public.titles (id_title, id_type, id_country, name, year, lenght, description) VALUES (48, 1, 6, 'Caution Of Space Flight', '1901-12-14', 117, 'Caution Of Space Flight has great side characters and camera, so if you like these features you will like it.');
INSERT INTO public.titles (id_title, id_type, id_country, name, year, lenght, description) VALUES (49, 2, 9, 'Searching For Dreams', '1988-1-15', 384, 'Searching For Dreams has great plot and script, so if you like these features you will like it.');
INSERT INTO public.titles (id_title, id_type, id_country, name, year, lenght, description) VALUES (50, 5, 1, 'Culmination Of Nightmares', '1880-5-26', 329, 'Culmination Of Nightmares has great soundtrack and side characters, so if you like these features you will like it.');
INSERT INTO public.titles (id_title, id_type, id_country, name, year, lenght, description) VALUES (51, 1, 4, 'Animals In The Mirror', '1973-8-24', 18, 'Animals In The Mirror has great main characters and setting, so if you like these features you will like it.');
INSERT INTO public.titles (id_title, id_type, id_country, name, year, lenght, description) VALUES (52, 4, 3, 'Giant Of The Galaxy', '2012-1-23', 217, 'Giant Of The Galaxy has great camera and theme, so if you like these features you will like it.');
INSERT INTO public.titles (id_title, id_type, id_country, name, year, lenght, description) VALUES (53, 2, 6, 'Cruelty Of The Eclipse', '1891-11-20', 260, 'Cruelty Of The Eclipse has great theme and camera, so if you like these features you will like it.');
INSERT INTO public.titles (id_title, id_type, id_country, name, year, lenght, description) VALUES (54, 3, 6, 'Extermination Of New Life', '1996-7-22', 467, 'Extermination Of New Life has great actors and plot, so if you like these features you will like it.');
INSERT INTO public.titles (id_title, id_type, id_country, name, year, lenght, description) VALUES (55, 2, 1, 'Spoofs Of Jokes', '1990-11-8', 383, 'Spoofs Of Jokes has great theme and plot, so if you like these features you will like it.');
INSERT INTO public.titles (id_title, id_type, id_country, name, year, lenght, description) VALUES (56, 2, 4, 'Vanished At The Tombs', '1992-2-18', 394, 'Vanished At The Tombs has great actors and soundtrack, so if you like these features you will like it.');
INSERT INTO public.titles (id_title, id_type, id_country, name, year, lenght, description) VALUES (57, 3, 1, 'Defeat Of The Crash', '1917-2-19', 413, 'Defeat Of The Crash has great actors and setting, so if you like these features you will like it.');
INSERT INTO public.titles (id_title, id_type, id_country, name, year, lenght, description) VALUES (58, 2, 3, 'Guest Of Life', '1940-7-11', 426, 'Guest Of Life has great actors and soundtrack, so if you like these features you will like it.');
INSERT INTO public.titles (id_title, id_type, id_country, name, year, lenght, description) VALUES (59, 2, 4, 'Leaders Of The Past', '1985-8-5', 271, 'Leaders Of The Past has great camera and main characters, so if you like these features you will like it.');
INSERT INTO public.titles (id_title, id_type, id_country, name, year, lenght, description) VALUES (60, 2, 8, 'Rats And Lords', '1989-5-16', 417, 'Rats And Lords has great theme and plot, so if you like these features you will like it.');
INSERT INTO public.titles (id_title, id_type, id_country, name, year, lenght, description) VALUES (61, 4, 2, 'Lurking In My Dreams', '1916-10-17', 308, 'Lurking In My Dreams has great camera and side characters, so if you like these features you will like it.');
INSERT INTO public.titles (id_title, id_type, id_country, name, year, lenght, description) VALUES (62, 5, 5, 'Gift Of My Town', '1941-4-4', 54, 'Gift Of My Town has great moral of the story and script, so if you like these features you will like it.');
INSERT INTO public.titles (id_title, id_type, id_country, name, year, lenght, description) VALUES (63, 1, 6, 'Thieves And Guardians', '1953-5-9', 92, 'Thieves And Guardians has great main characters and moral of the story, so if you like these features you will like it.');
INSERT INTO public.titles (id_title, id_type, id_country, name, year, lenght, description) VALUES (64, 5, 7, 'Battling In My School', '2001-5-18', 445, 'Battling In My School has great character development and side characters, so if you like these features you will like it.');
INSERT INTO public.titles (id_title, id_type, id_country, name, year, lenght, description) VALUES (65, 5, 8, 'Adopting The Darkness', '1964-4-15', 207, 'Adopting The Darkness has great main characters and script, so if you like these features you will like it.');
INSERT INTO public.titles (id_title, id_type, id_country, name, year, lenght, description) VALUES (66, 4, 6, 'Extermination Of New Life', '1929-9-13', 304, 'Extermination Of New Life has great soundtrack and side characters, so if you like these features you will like it.');
INSERT INTO public.titles (id_title, id_type, id_country, name, year, lenght, description) VALUES (67, 1, 3, 'Union Of The Forsaken', '1933-9-27', 461, 'Union Of The Forsaken has great setting and theme, so if you like these features you will like it.');
INSERT INTO public.titles (id_title, id_type, id_country, name, year, lenght, description) VALUES (68, 1, 4, 'Ladyloves In The Night', '1893-10-24', 66, 'Ladyloves In The Night has great character development and main characters, so if you like these features you will like it.');
INSERT INTO public.titles (id_title, id_type, id_country, name, year, lenght, description) VALUES (69, 2, 1, 'Volunteers Of The Stars', '1950-1-5', 93, 'Volunteers Of The Stars has great character development and main characters, so if you like these features you will like it.');
INSERT INTO public.titles (id_title, id_type, id_country, name, year, lenght, description) VALUES (70, 5, 6, 'Intruders Of The Void', '1935-5-19', 408, 'Intruders Of The Void has great actors and plot, so if you like these features you will like it.');
INSERT INTO public.titles (id_title, id_type, id_country, name, year, lenght, description) VALUES (71, 4, 6, 'Goddess Of The Ocean', '1939-6-1', 164, 'Goddess Of The Ocean has great actors and theme, so if you like these features you will like it.');
INSERT INTO public.titles (id_title, id_type, id_country, name, year, lenght, description) VALUES (72, 5, 3, 'Rats And Lords', '2017-8-1', 330, 'Rats And Lords has great side characters and camera, so if you like these features you will like it.');
INSERT INTO public.titles (id_title, id_type, id_country, name, year, lenght, description) VALUES (73, 2, 3, 'Angel Of Aliens', '1895-3-4', 200, 'Angel Of Aliens has great side characters and theme, so if you like these features you will like it.');
INSERT INTO public.titles (id_title, id_type, id_country, name, year, lenght, description) VALUES (74, 1, 3, 'Heroes Of The Sun', '1955-8-2', 423, 'Heroes Of The Sun has great main characters and moral of the story, so if you like these features you will like it.');
INSERT INTO public.titles (id_title, id_type, id_country, name, year, lenght, description) VALUES (75, 4, 8, 'Kids Of Dreams', '1922-6-28', 381, 'Kids Of Dreams has great character development and moral of the story, so if you like these features you will like it.');
INSERT INTO public.titles (id_title, id_type, id_country, name, year, lenght, description) VALUES (76, 4, 1, 'Children Of New Earth', '1935-8-19', 419, 'Children Of New Earth has great setting and soundtrack, so if you like these features you will like it.');
INSERT INTO public.titles (id_title, id_type, id_country, name, year, lenght, description) VALUES (77, 3, 10, 'Planets And Animals', '1977-11-25', 243, 'Planets And Animals has great actors and setting, so if you like these features you will like it.');
INSERT INTO public.titles (id_title, id_type, id_country, name, year, lenght, description) VALUES (78, 3, 1, 'Evil Of Her Laugh', '1948-10-18', 161, 'Evil Of Her Laugh has great script and camera, so if you like these features you will like it.');
INSERT INTO public.titles (id_title, id_type, id_country, name, year, lenght, description) VALUES (79, 1, 10, 'Babies Of Excelsior', '1983-12-25', 33, 'Babies Of Excelsior has great camera and side characters, so if you like these features you will like it.');
INSERT INTO public.titles (id_title, id_type, id_country, name, year, lenght, description) VALUES (80, 1, 4, 'Cruelty Of The Eclipse', '1924-11-20', 304, 'Cruelty Of The Eclipse has great theme and main characters, so if you like these features you will like it.');
INSERT INTO public.titles (id_title, id_type, id_country, name, year, lenght, description) VALUES (81, 4, 1, 'Monuments Of The Invaders', '1978-12-21', 398, 'Monuments Of The Invaders has great moral of the story and camera, so if you like these features you will like it.');
INSERT INTO public.titles (id_title, id_type, id_country, name, year, lenght, description) VALUES (82, 3, 7, 'Giant Of The Galaxy', '1914-9-18', 302, 'Giant Of The Galaxy has great side characters and theme, so if you like these features you will like it.');
INSERT INTO public.titles (id_title, id_type, id_country, name, year, lenght, description) VALUES (83, 3, 4, 'Termination Of The Great', '1983-2-3', 336, 'Termination Of The Great has great camera and theme, so if you like these features you will like it.');
INSERT INTO public.titles (id_title, id_type, id_country, name, year, lenght, description) VALUES (84, 5, 8, 'Volunteers Of The Stars', '2017-4-20', 167, 'Volunteers Of The Stars has great main characters and theme, so if you like these features you will like it.');
INSERT INTO public.titles (id_title, id_type, id_country, name, year, lenght, description) VALUES (85, 2, 7, 'Planets And Animals', '1928-11-17', 418, 'Planets And Animals has great soundtrack and plot, so if you like these features you will like it.');
INSERT INTO public.titles (id_title, id_type, id_country, name, year, lenght, description) VALUES (86, 4, 8, 'Captains Of Our Destiny', '1995-1-24', 135, 'Captains Of Our Destiny has great moral of the story and soundtrack, so if you like these features you will like it.');
INSERT INTO public.titles (id_title, id_type, id_country, name, year, lenght, description) VALUES (87, 1, 9, 'Guests Of The New World', '1945-8-17', 401, 'Guests Of The New World has great main characters and character development, so if you like these features you will like it.');
INSERT INTO public.titles (id_title, id_type, id_country, name, year, lenght, description) VALUES (88, 4, 9, 'Memory Of My Admiration', '1880-1-8', 394, 'Memory Of My Admiration has great soundtrack and theme, so if you like these features you will like it.');
INSERT INTO public.titles (id_title, id_type, id_country, name, year, lenght, description) VALUES (89, 2, 9, 'Bored By Orbit', '1905-11-17', 175, 'Bored By Orbit has great plot and moral of the story, so if you like these features you will like it.');
INSERT INTO public.titles (id_title, id_type, id_country, name, year, lenght, description) VALUES (90, 3, 4, 'Changed By The End Of Earth', '2015-4-14', 177, 'Changed By The End Of Earth has great side characters and actors, so if you like these features you will like it.');
INSERT INTO public.titles (id_title, id_type, id_country, name, year, lenght, description) VALUES (91, 5, 9, 'Bunnies And Puppies', '2012-9-23', 468, 'Bunnies And Puppies has great actors and main characters, so if you like these features you will like it.');
INSERT INTO public.titles (id_title, id_type, id_country, name, year, lenght, description) VALUES (92, 1, 7, 'People And Creatures', '1912-6-5', 74, 'People And Creatures has great soundtrack and theme, so if you like these features you will like it.');
INSERT INTO public.titles (id_title, id_type, id_country, name, year, lenght, description) VALUES (93, 5, 7, 'Emperors With Tradition', '1917-1-18', 18, 'Emperors With Tradition has great moral of the story and camera, so if you like these features you will like it.');
INSERT INTO public.titles (id_title, id_type, id_country, name, year, lenght, description) VALUES (94, 4, 6, 'Oracle Of Light', '1888-6-6', 10, 'Oracle Of Light has great script and plot, so if you like these features you will like it.');
INSERT INTO public.titles (id_title, id_type, id_country, name, year, lenght, description) VALUES (95, 4, 7, 'Equality Of The Stars', '2001-1-24', 312, 'Equality Of The Stars has great camera and plot, so if you like these features you will like it.');
INSERT INTO public.titles (id_title, id_type, id_country, name, year, lenght, description) VALUES (96, 1, 4, 'Animals In The Mirror', '2007-4-5', 465, 'Animals In The Mirror has great script and main characters, so if you like these features you will like it.');
INSERT INTO public.titles (id_title, id_type, id_country, name, year, lenght, description) VALUES (97, 4, 10, 'Secretaries With Hoods', '1995-8-16', 365, 'Secretaries With Hoods has great actors and main characters, so if you like these features you will like it.');
INSERT INTO public.titles (id_title, id_type, id_country, name, year, lenght, description) VALUES (98, 1, 6, 'Boy Arrangement', '1884-5-2', 24, 'Boy Arrangement has great theme and setting, so if you like these features you will like it.');
INSERT INTO public.titles (id_title, id_type, id_country, name, year, lenght, description) VALUES (99, 1, 4, 'Monuments Of The Invaders', '1914-3-27', 222, 'Monuments Of The Invaders has great plot and moral of the story, so if you like these features you will like it.');
INSERT INTO public.titles (id_title, id_type, id_country, name, year, lenght, description) VALUES (100, 1, 9, 'Cullers And Strangers', '1888-12-4', 50, 'Cullers And Strangers has great plot and camera, so if you like these features you will like it.');

INSERT INTO public.genre (id_title, id_genre_name) VALUES (1, 4);
INSERT INTO public.genre (id_title, id_genre_name) VALUES (2, 1);
INSERT INTO public.genre (id_title, id_genre_name) VALUES (3, 5);
INSERT INTO public.genre (id_title, id_genre_name) VALUES (4, 6);
INSERT INTO public.genre (id_title, id_genre_name) VALUES (5, 6);
INSERT INTO public.genre (id_title, id_genre_name) VALUES (6, 7);
INSERT INTO public.genre (id_title, id_genre_name) VALUES (7, 3);
INSERT INTO public.genre (id_title, id_genre_name) VALUES (8, 2);
INSERT INTO public.genre (id_title, id_genre_name) VALUES (9, 7);
INSERT INTO public.genre (id_title, id_genre_name) VALUES (10, 7);
INSERT INTO public.genre (id_title, id_genre_name) VALUES (11, 7);
INSERT INTO public.genre (id_title, id_genre_name) VALUES (12, 6);
INSERT INTO public.genre (id_title, id_genre_name) VALUES (13, 7);
INSERT INTO public.genre (id_title, id_genre_name) VALUES (14, 3);
INSERT INTO public.genre (id_title, id_genre_name) VALUES (15, 1);
INSERT INTO public.genre (id_title, id_genre_name) VALUES (16, 5);
INSERT INTO public.genre (id_title, id_genre_name) VALUES (17, 3);
INSERT INTO public.genre (id_title, id_genre_name) VALUES (18, 6);
INSERT INTO public.genre (id_title, id_genre_name) VALUES (19, 7);
INSERT INTO public.genre (id_title, id_genre_name) VALUES (20, 7);
INSERT INTO public.genre (id_title, id_genre_name) VALUES (21, 3);
INSERT INTO public.genre (id_title, id_genre_name) VALUES (22, 2);
INSERT INTO public.genre (id_title, id_genre_name) VALUES (23, 4);
INSERT INTO public.genre (id_title, id_genre_name) VALUES (24, 2);
INSERT INTO public.genre (id_title, id_genre_name) VALUES (25, 3);
INSERT INTO public.genre (id_title, id_genre_name) VALUES (26, 7);
INSERT INTO public.genre (id_title, id_genre_name) VALUES (27, 7);
INSERT INTO public.genre (id_title, id_genre_name) VALUES (28, 3);
INSERT INTO public.genre (id_title, id_genre_name) VALUES (29, 1);
INSERT INTO public.genre (id_title, id_genre_name) VALUES (30, 1);
INSERT INTO public.genre (id_title, id_genre_name) VALUES (31, 2);
INSERT INTO public.genre (id_title, id_genre_name) VALUES (32, 5);
INSERT INTO public.genre (id_title, id_genre_name) VALUES (33, 3);
INSERT INTO public.genre (id_title, id_genre_name) VALUES (34, 7);
INSERT INTO public.genre (id_title, id_genre_name) VALUES (35, 2);
INSERT INTO public.genre (id_title, id_genre_name) VALUES (36, 7);
INSERT INTO public.genre (id_title, id_genre_name) VALUES (37, 4);
INSERT INTO public.genre (id_title, id_genre_name) VALUES (38, 5);
INSERT INTO public.genre (id_title, id_genre_name) VALUES (39, 6);
INSERT INTO public.genre (id_title, id_genre_name) VALUES (40, 5);
INSERT INTO public.genre (id_title, id_genre_name) VALUES (41, 7);
INSERT INTO public.genre (id_title, id_genre_name) VALUES (42, 5);
INSERT INTO public.genre (id_title, id_genre_name) VALUES (43, 1);
INSERT INTO public.genre (id_title, id_genre_name) VALUES (44, 2);
INSERT INTO public.genre (id_title, id_genre_name) VALUES (45, 5);
INSERT INTO public.genre (id_title, id_genre_name) VALUES (46, 7);
INSERT INTO public.genre (id_title, id_genre_name) VALUES (47, 2);
INSERT INTO public.genre (id_title, id_genre_name) VALUES (48, 2);
INSERT INTO public.genre (id_title, id_genre_name) VALUES (49, 7);
INSERT INTO public.genre (id_title, id_genre_name) VALUES (50, 1);
INSERT INTO public.genre (id_title, id_genre_name) VALUES (51, 3);
INSERT INTO public.genre (id_title, id_genre_name) VALUES (52, 7);
INSERT INTO public.genre (id_title, id_genre_name) VALUES (53, 1);
INSERT INTO public.genre (id_title, id_genre_name) VALUES (54, 3);
INSERT INTO public.genre (id_title, id_genre_name) VALUES (55, 6);
INSERT INTO public.genre (id_title, id_genre_name) VALUES (56, 7);
INSERT INTO public.genre (id_title, id_genre_name) VALUES (57, 4);
INSERT INTO public.genre (id_title, id_genre_name) VALUES (58, 6);
INSERT INTO public.genre (id_title, id_genre_name) VALUES (59, 5);
INSERT INTO public.genre (id_title, id_genre_name) VALUES (60, 4);
INSERT INTO public.genre (id_title, id_genre_name) VALUES (61, 3);
INSERT INTO public.genre (id_title, id_genre_name) VALUES (62, 7);
INSERT INTO public.genre (id_title, id_genre_name) VALUES (63, 1);
INSERT INTO public.genre (id_title, id_genre_name) VALUES (64, 4);
INSERT INTO public.genre (id_title, id_genre_name) VALUES (65, 6);
INSERT INTO public.genre (id_title, id_genre_name) VALUES (66, 7);
INSERT INTO public.genre (id_title, id_genre_name) VALUES (67, 5);
INSERT INTO public.genre (id_title, id_genre_name) VALUES (68, 5);
INSERT INTO public.genre (id_title, id_genre_name) VALUES (69, 5);
INSERT INTO public.genre (id_title, id_genre_name) VALUES (70, 2);
INSERT INTO public.genre (id_title, id_genre_name) VALUES (71, 6);
INSERT INTO public.genre (id_title, id_genre_name) VALUES (72, 5);
INSERT INTO public.genre (id_title, id_genre_name) VALUES (73, 7);
INSERT INTO public.genre (id_title, id_genre_name) VALUES (74, 4);
INSERT INTO public.genre (id_title, id_genre_name) VALUES (75, 7);
INSERT INTO public.genre (id_title, id_genre_name) VALUES (76, 1);
INSERT INTO public.genre (id_title, id_genre_name) VALUES (77, 2);
INSERT INTO public.genre (id_title, id_genre_name) VALUES (78, 1);
INSERT INTO public.genre (id_title, id_genre_name) VALUES (79, 4);
INSERT INTO public.genre (id_title, id_genre_name) VALUES (80, 7);
INSERT INTO public.genre (id_title, id_genre_name) VALUES (81, 4);
INSERT INTO public.genre (id_title, id_genre_name) VALUES (82, 2);
INSERT INTO public.genre (id_title, id_genre_name) VALUES (83, 3);
INSERT INTO public.genre (id_title, id_genre_name) VALUES (84, 1);
INSERT INTO public.genre (id_title, id_genre_name) VALUES (85, 3);
INSERT INTO public.genre (id_title, id_genre_name) VALUES (86, 5);
INSERT INTO public.genre (id_title, id_genre_name) VALUES (87, 5);
INSERT INTO public.genre (id_title, id_genre_name) VALUES (88, 3);
INSERT INTO public.genre (id_title, id_genre_name) VALUES (89, 7);
INSERT INTO public.genre (id_title, id_genre_name) VALUES (90, 4);
INSERT INTO public.genre (id_title, id_genre_name) VALUES (91, 6);
INSERT INTO public.genre (id_title, id_genre_name) VALUES (92, 3);
INSERT INTO public.genre (id_title, id_genre_name) VALUES (93, 7);
INSERT INTO public.genre (id_title, id_genre_name) VALUES (94, 7);
INSERT INTO public.genre (id_title, id_genre_name) VALUES (95, 4);
INSERT INTO public.genre (id_title, id_genre_name) VALUES (96, 1);
INSERT INTO public.genre (id_title, id_genre_name) VALUES (97, 7);
INSERT INTO public.genre (id_title, id_genre_name) VALUES (98, 6);
INSERT INTO public.genre (id_title, id_genre_name) VALUES (99, 4);
INSERT INTO public.genre (id_title, id_genre_name) VALUES (100, 4);

INSERT INTO public.rating (id_user, id_title, rating, reason) VALUES (17, 23, 2, 'It has good setting and bad main characters. Becouse of that this is my score.');
INSERT INTO public.rating (id_user, id_title, rating, reason) VALUES (10, 50, 5, 'It has good actors and bad moral of the story. Becouse of that this is my score.');
INSERT INTO public.rating (id_user, id_title, rating, reason) VALUES (14, 55, 9, 'It has good side characters and bad camera. Becouse of that this is my score.');
INSERT INTO public.rating (id_user, id_title, rating, reason) VALUES (5, 38, 3, 'It has good main characters and bad theme. Becouse of that this is my score.');
INSERT INTO public.rating (id_user, id_title, rating, reason) VALUES (9, 65, 3, 'It has good soundtrack and bad main characters. Becouse of that this is my score.');
INSERT INTO public.rating (id_user, id_title, rating, reason) VALUES (7, 89, 1, 'It has good character development and bad plot. Becouse of that this is my score.');
INSERT INTO public.rating (id_user, id_title, rating, reason) VALUES (12, 70, 9, 'It has good soundtrack and bad camera. Becouse of that this is my score.');
INSERT INTO public.rating (id_user, id_title, rating, reason) VALUES (20, 75, 3, 'It has good actors and bad actors. Becouse of that this is my score.');
INSERT INTO public.rating (id_user, id_title, rating, reason) VALUES (12, 56, 7, 'It has good moral of the story and bad character development. Becouse of that this is my score.');
INSERT INTO public.rating (id_user, id_title, rating, reason) VALUES (1, 72, 1, 'It has good actors and bad theme. Becouse of that this is my score.');
INSERT INTO public.rating (id_user, id_title, rating, reason) VALUES (15, 66, 6, 'It has good side characters and bad main characters. Becouse of that this is my score.');
INSERT INTO public.rating (id_user, id_title, rating, reason) VALUES (19, 1, 10, 'It has good setting and bad character development. Becouse of that this is my score.');
INSERT INTO public.rating (id_user, id_title, rating, reason) VALUES (16, 15, 4, 'It has good moral of the story and bad plot. Becouse of that this is my score.');
INSERT INTO public.rating (id_user, id_title, rating, reason) VALUES (7, 11, 1, 'It has good side characters and bad script. Becouse of that this is my score.');
INSERT INTO public.rating (id_user, id_title, rating, reason) VALUES (9, 85, 2, 'It has good main characters and bad character development. Becouse of that this is my score.');
INSERT INTO public.rating (id_user, id_title, rating, reason) VALUES (13, 8, 7, 'It has good main characters and bad setting. Becouse of that this is my score.');
INSERT INTO public.rating (id_user, id_title, rating, reason) VALUES (15, 76, 10, 'It has good script and bad moral of the story. Becouse of that this is my score.');
INSERT INTO public.rating (id_user, id_title, rating, reason) VALUES (19, 95, 1, 'It has good side characters and bad script. Becouse of that this is my score.');
INSERT INTO public.rating (id_user, id_title, rating, reason) VALUES (8, 81, 3, 'It has good character development and bad main characters. Becouse of that this is my score.');
INSERT INTO public.rating (id_user, id_title, rating, reason) VALUES (8, 59, 7, 'It has good script and bad main characters. Becouse of that this is my score.');
INSERT INTO public.rating (id_user, id_title, rating, reason) VALUES (7, 77, 7, 'It has good main characters and bad character development. Becouse of that this is my score.');
INSERT INTO public.rating (id_user, id_title, rating, reason) VALUES (16, 64, 10, 'It has good soundtrack and bad plot. Becouse of that this is my score.');
INSERT INTO public.rating (id_user, id_title, rating, reason) VALUES (13, 38, 9, 'It has good soundtrack and bad theme. Becouse of that this is my score.');
INSERT INTO public.rating (id_user, id_title, rating, reason) VALUES (20, 13, 6, 'It has good setting and bad soundtrack. Becouse of that this is my score.');
INSERT INTO public.rating (id_user, id_title, rating, reason) VALUES (8, 41, 5, 'It has good character development and bad actors. Becouse of that this is my score.');
INSERT INTO public.rating (id_user, id_title, rating, reason) VALUES (17, 37, 10, 'It has good main characters and bad side characters. Becouse of that this is my score.');
INSERT INTO public.rating (id_user, id_title, rating, reason) VALUES (20, 86, 2, 'It has good script and bad actors. Becouse of that this is my score.');
INSERT INTO public.rating (id_user, id_title, rating, reason) VALUES (17, 38, 1, 'It has good plot and bad soundtrack. Becouse of that this is my score.');
INSERT INTO public.rating (id_user, id_title, rating, reason) VALUES (1, 51, 1, 'It has good script and bad main characters. Becouse of that this is my score.');
INSERT INTO public.rating (id_user, id_title, rating, reason) VALUES (16, 75, 5, 'It has good character development and bad moral of the story. Becouse of that this is my score.');

INSERT INTO public.role_name (id_role, role_name, description) VALUES (1, 'Director', 'A film director controls a films artistic and dramatic aspects and visualizes the screenplay (or script) while guiding the film crew and actors in the fulfilment of that vision.');
INSERT INTO public.role_name (id_role, role_name, description) VALUES (2, 'Writer', 'A screenplay writer (also called screenwriter for short), scriptwriter or scenarist, is a writer who practices the craft of screenwriting, writing screenplays on which mass media, such as films and television programs, are based.');
INSERT INTO public.role_name (id_role, role_name, description) VALUES (3, 'Actor', 'An actor or actress is a person who portrays a character in the traditional medium of the theatre or in modern media such as film, radio, and television.');
INSERT INTO public.role_name (id_role, role_name, description) VALUES (4, 'Composer', 'A film score is original music written specifically to accompany a film. Scores are written by one or more composers in collaboration with, the films director or producer and are then usually performed by musicians – most often comprising an orchestra.');
INSERT INTO public.role_name (id_role, role_name, description) VALUES (5, 'Camera operator', 'A camera operator, or depending on the context cameraman or camerawoman, is a professional operator of a film camera or video camera as part of a film crew.');

INSERT INTO public.role (id_title, id_person, id_role) VALUES (40, 15, 1);
INSERT INTO public.role (id_title, id_person, id_role) VALUES (43, 39, 4);
INSERT INTO public.role (id_title, id_person, id_role) VALUES (14, 3, 5);
INSERT INTO public.role (id_title, id_person, id_role) VALUES (77, 20, 3);
INSERT INTO public.role (id_title, id_person, id_role) VALUES (37, 59, 3);
INSERT INTO public.role (id_title, id_person, id_role) VALUES (35, 60, 2);
INSERT INTO public.role (id_title, id_person, id_role) VALUES (100, 28, 4);
INSERT INTO public.role (id_title, id_person, id_role) VALUES (78, 100, 5);
INSERT INTO public.role (id_title, id_person, id_role) VALUES (37, 16, 1);
INSERT INTO public.role (id_title, id_person, id_role) VALUES (77, 82, 3);
INSERT INTO public.role (id_title, id_person, id_role) VALUES (19, 26, 3);
INSERT INTO public.role (id_title, id_person, id_role) VALUES (4, 22, 3);
INSERT INTO public.role (id_title, id_person, id_role) VALUES (22, 3, 3);
INSERT INTO public.role (id_title, id_person, id_role) VALUES (46, 35, 1);
INSERT INTO public.role (id_title, id_person, id_role) VALUES (45, 52, 3);
INSERT INTO public.role (id_title, id_person, id_role) VALUES (74, 4, 3);
INSERT INTO public.role (id_title, id_person, id_role) VALUES (31, 100, 1);
INSERT INTO public.role (id_title, id_person, id_role) VALUES (94, 33, 2);
INSERT INTO public.role (id_title, id_person, id_role) VALUES (95, 19, 3);
INSERT INTO public.role (id_title, id_person, id_role) VALUES (91, 7, 4);
INSERT INTO public.role (id_title, id_person, id_role) VALUES (81, 19, 5);
INSERT INTO public.role (id_title, id_person, id_role) VALUES (63, 46, 5);
INSERT INTO public.role (id_title, id_person, id_role) VALUES (20, 8, 3);
INSERT INTO public.role (id_title, id_person, id_role) VALUES (80, 45, 3);
INSERT INTO public.role (id_title, id_person, id_role) VALUES (18, 63, 1);
INSERT INTO public.role (id_title, id_person, id_role) VALUES (50, 65, 3);
INSERT INTO public.role (id_title, id_person, id_role) VALUES (78, 67, 2);
INSERT INTO public.role (id_title, id_person, id_role) VALUES (3, 12, 2);
INSERT INTO public.role (id_title, id_person, id_role) VALUES (4, 44, 1);
INSERT INTO public.role (id_title, id_person, id_role) VALUES (85, 83, 3);